,Age,Sex,Genotype,Litter,SeqType
EW6,P0,F,WT,EW,RNA
ER2,P0,M,WT,ER,RNA
ER3,P0,M,MUT,ER,RNA
ER4,P0,M,MUT,ER,RNA
ER5,P0,M,MUT,ER,RNA
ER7,P0,M,WT,ER,RNA
ER9,P0,M,WT,ER,RNA
EW1,P0,M,WT,EW,RNA
EW5,P0,M,MUT,EW,RNA
ER1,P0,F,WT,ER,RNA
ER6,P0,F,MUT,ER,RNA
ER8,P0,F,WT,ER,RNA
EW2,P0,F,MUT,EW,RNA
EW3,P0,F,WT,EW,RNA
EW4,P0,F,MUT,EW,RNA
EL3,P7,M,WT,EL,RNA
EL4,P7,M,MUT,EL,RNA
EL5,P7,M,MUT,EL,RNA
EP3,P7,M,WT,EP,RNA
ET1,P7,M,MUT,ET,RNA
ET2,P7,M,WT,ET,RNA
EL1,P7,F,WT,EL,RNA
EL2,P7,F,MUT,EL,RNA
EP4,P7,F,WT,EP,RNA
EP6,P7,F,MUT,EP,RNA
ET3,P7,F,WT,ET,RNA
ET6,P7,F,MUT,ET,RNA
EW6_R,P0,F,WT,EW,RIBO
ER2_R,P0,M,WT,ER,RIBO
ER3_R,P0,M,MUT,ER,RIBO
ER4_R,P0,M,MUT,ER,RIBO
ER5_R,P0,M,MUT,ER,RIBO
ER7_R,P0,M,WT,ER,RIBO
ER9_R,P0,M,WT,ER,RIBO
EW1_R,P0,M,WT,EW,RIBO
EW5_R,P0,M,MUT,EW,RIBO
ER1_R,P0,F,WT,ER,RIBO
ER6_R,P0,F,MUT,ER,RIBO
ER8_R,P0,F,WT,ER,RIBO
EW2_R,P0,F,MUT,EW,RIBO
EW3_R,P0,F,WT,EW,RIBO
EW4_R,P0,F,MUT,EW,RIBO
EL3_R,P7,M,WT,EL,RIBO
EL4_R,P7,M,MUT,EL,RIBO
EL5_R,P7,M,MUT,EL,RIBO
EP3_R,P7,M,WT,EP,RIBO
ET1_R,P7,M,MUT,ET,RIBO
ET2_R,P7,M,WT,ET,RIBO
EL1_R,P7,F,WT,EL,RIBO
EL2_R,P7,F,MUT,EL,RIBO
EP4_R,P7,F,WT,EP,RIBO
EP6_R,P7,F,MUT,EP,RIBO
ET3_R,P7,F,WT,ET,RIBO
ET6_R,P7,F,MUT,ET,RIBO