SNO,TARGET,POSITION,CLASS
Scarna10,U5_Rnu5g,45,snRNA
Scarna10,U5_Rnu5g,46,snRNA
Scarna12_Gm23547,U5_Rnu5g,46,snRNA
Scarna17,U6atac_Gm25541,22,snRNA
Scarna17,U4_Gm24265,8,snRNA
Scarna17,U12_Rnu12,22,snRNA
Scarna2,U2_Rnu2-10,11,snRNA
Scarna2,U2_Rnu2-10,25,snRNA
Scarna2,U2_Rnu2-10,61,snRNA
Scarna5_Gm25395,U4_Gm24265,65,snRNA
Scarna5_Gm25395,U5_Rnu5g,41,snRNA
Scarna6,U5_Rnu5g,41,snRNA
Scarna7_Gm22009,U1_Rnu1a1,70,snRNA
Scarna9,U2_Rnu2-10,30,snRNA
Scarna28,U2_Rnu2-10,47,snRNA
Snord1_Gm24253,45S_Rn45s,12166,rRNA
Snord10_Gm25835,45S_Rn45s,11586,rRNA
Snord10_Gm25835,U6_Rnu6,77,snRNA
Snord100,45S_Rn45s,4444,rRNA
Snord102_Gm25091,45S_Rn45s,11814,rRNA
Snord103_Gm24091,45S_Rn45s,4609,rRNA
Snord104,45S_Rn45s,9276,rRNA
Snord105_Gm23008,45S_Rn45s,4807,rRNA
Snord11,45S_Rn45s,4517,rRNA
Snord110,45S_Rn45s,5295,rRNA
Snord111,45S_Rn45s,11722,rRNA
Snord119,45S_Rn45s,12364,rRNA
Snord12,45S_Rn45s,11677,rRNA
Snord121_Gm22888,45S_Rn45s,12411,rRNA
Snord123,45S_Rn45s,9968,rRNA
Snord127_Gm25970,45S_Rn45s,5454,rRNA
Snord13,45S_Rn45s,5849,rRNA
Snord135,45S_Rn45s,12080,rRNA
Snord138_Gm22574,45S_Rn45s,4805,rRNA
Snord14_Snord14d,45S_Rn45s,4470,rRNA
Snord144,45S_Rn45s,10292,rRNA
Snord15_Snord15a,45S_Rn45s,11563,rRNA
Snord15_Snord15a,45S_Rn45s,11570,rRNA
Snord16_Gm23136,45S_Rn45s,4492,rRNA
Snord17,45S_Rn45s,11596,rRNA
Snord18_Gm23344,45S_Rn45s,9262,rRNA
Snord19,45S_Rn45s,4691,rRNA
Snord2,45S_Rn45s,9457,rRNA
Snord20_Gm24148,45S_Rn45s,5811,rRNA
Snord21,45S_Rn45s,9252,rRNA
Snord24_Gm22357,45S_Rn45s,10240,rRNA
Snord25_Gm25855,45S_Rn45s,5497,rRNA
Snord26_Gm25894,45S_Rn45s,8519,rRNA
Snord27_Gm24452,45S_Rn45s,4034,rRNA
Snord28_Gm24453,45S_Rn45s,5398,rRNA
Snord29_Gm22744,45S_Rn45s,12297,rRNA
Snord30_Gm22680,45S_Rn45s,5390,rRNA
Snord30_Gm22680,45S_Rn45s,11603,rRNA
Snord31_Gm23246,45S_Rn45s,11970,rRNA
Snord32_Snord32a,45S_Rn45s,5335,rRNA
Snord32_Snord32a,45S_Rn45s,9459,rRNA
Snord33,45S_Rn45s,5333,rRNA
Snord34,45S_Rn45s,10712,rRNA
Snord35_Snord35a,45S_Rn45s,12310,rRNA
Snord36_Gm22879,45S_Rn45s,4676,rRNA
Snord36_Gm22879,45S_Rn45s,11502,rRNA
Snord36_Gm24134,45S_Rn45s,4676,rRNA
Snord36_Snord36c,45S_Rn45s,11502,rRNA
Snord37,45S_Rn45s,11496,rRNA
Snord38_Snord38a,45S_Rn45s,9795,rRNA
Snord41_Gm25506,45S_Rn45s,12080,rRNA
Snord42_Snord42a,45S_Rn45s,4123,rRNA
Snord43,45S_Rn45s,5710,rRNA
Snord44_Gm23212,45S_Rn45s,4173,rRNA
Snord45_Gm24494,45S_Rn45s,4166,rRNA
Snord45_Gm24494,45S_Rn45s,4179,rRNA
Snord45_Snord45b,45S_Rn45s,4179,rRNA
Snord45c,45S_Rn45s,4166,rRNA
Snord45c,45S_Rn45s,4181,rRNA
Snord46_Gm26330,45S_Rn45s,11538,rRNA
Snord47,45S_Rn45s,11665,rRNA
Snord48_Gm25744,45S_Rn45s,9805,rRNA
Snord48_Gm25744,45S_Rn45s,10169,rRNA
Snord49_Snord49a,45S_Rn45s,12230,rRNA
Snord4a,45S_Rn45s,4128,rRNA
Snord5_Gm24299,45S_Rn45s,10299,rRNA
Snord50_Snord50b,45S_Rn45s,10736,rRNA
Snord50_Snord50b,45S_Rn45s,10751,rRNA
Snord51_Gm26457,45S_Rn45s,9459,rRNA
Snord52,45S_Rn45s,11703,rRNA
Snord53_Gm22858,45S_Rn45s,11647,rRNA
Snord54_Gm24016,45S_Rn45s,4652,rRNA
Snord55,45S_Rn45s,10679,rRNA
Snord56_Gm23650,45S_Rn45s,4525,rRNA
Snord57,45S_Rn45s,4106,rRNA
Snord58_Snord58b,45S_Rn45s,12002,rRNA
Snord59_Snord59a,45S_Rn45s,5039,rRNA
Snord6_Gm24357,45S_Rn45s,10301,rRNA
Snord60,45S_Rn45s,12144,rRNA
Snord61,45S_Rn45s,5449,rRNA
Snord62_Gm22192,45S_Rn45s,4598,rRNA
Snord63_Gm26109,45S_Rn45s,12345,rRNA
Snord65,45S_Rn45s,4635,rRNA
Snord66,45S_Rn45s,5279,rRNA
Snord67,U6_Rnu6,60,snRNA
Snord68,45S_Rn45s,4436,rRNA
Snord68,45S_Rn45s,10278,rRNA
Snord69,45S_Rn45s,12268,rRNA
Snord7,U6_Rnu6,47,snRNA
Snord70,45S_Rn45s,4520,rRNA
Snord71,45S_Rn45s,6890,rRNA
Snord72,45S_Rn45s,12394,rRNA
Snord73a,45S_Rn45s,9684,rRNA
Snord74_Gm26224,45S_Rn45s,11619,rRNA
Snord75_Gm22489,45S_Rn45s,11826,rRNA
Snord78,45S_Rn45s,12397,rRNA
Snord79_Gm50452,45S_Rn45s,11608,rRNA
Snord8,U6_Rnu6,53,snRNA
Snord80,45S_Rn45s,9469,rRNA
Snord80,45S_Rn45s,9560,rRNA
Snord81_Gm25789,45S_Rn45s,8521,rRNA
Snord82,45S_Rn45s,5685,rRNA
Snord83b,45S_Rn45s,4476,rRNA
Snord85,45S_Rn45s,4609,rRNA
Snord87,45S_Rn45s,11522,rRNA
Snord88_Gm26247,45S_Rn45s,11479,rRNA
Snord90,45S_Rn45s,4362,rRNA
Snord91_Snord91a,45S_Rn45s,12392,rRNA
Snord92,45S_Rn45s,11645,rRNA
Snord93,45S_Rn45s,4584,rRNA
Snord94_Gm22486,U6_Rnu6,62,snRNA
Snord95,45S_Rn45s,10690,rRNA
Snord95,45S_Rn45s,10699,rRNA
Snord96_Snord96a,45S_Rn45s,6951,rRNA
Snord97_Gm23262,tRNA-Met-CAT-4-1,34,tRNA
Snord98,45S_Rn45s,4875,rRNA
Snord99,45S_Rn45s,10662,rRNA
Snord13,45S_Rn45s,5849,rRNA